"id","username","password"
"1","admin","$2b$12$.40dOicMCZpIsnFsIn8Zke/NDM5yKhC3/18PqYRpJTf4Cg8nzWEgu"
"2","dev","$2b$12$p5OP/Hg58H1HDfi9sma0feovG/.M/7/cEI9uCdvPJxOSJLDmQHwNu"
"3","user1","$2b$12$3le.Wgq.K6YaaMjm77q5qOQI4uIozuHkq8TWmVtXAVwRfXC9urNwe"
"4","user2","$2a$10$N.zmdr9k7uOCQb376NoUnuTJ8iAt6Z5EHsM8lE9lOBslKX4qC8pQm"
"5","user3","$2a$10$N.zmdr9k7uOCQb376NoUnuTJ8iAt6Z5EHsM8lE9lOBslKX4qC8pQm"
"6","user4","$2a$10$N.zmdr9k7uOCQb376NoUnuTJ8iAt6Z5EHsM8lE9lOBslKX4qC8pQm"
"7","user5","$2a$10$N.zmdr9k7uOCQb376NoUnuTJ8iAt6Z5EHsM8lE9lOBslKX4qC8pQm"
"8","user6","$2a$10$N.zmdr9k7uOCQb376NoUnuTJ8iAt6Z5EHsM8lE9lOBslKX4qC8pQm"
"9","user7","$2a$10$N.zmdr9k7uOCQb376NoUnuTJ8iAt6Z5EHsM8lE9lOBslKX4qC8pQm"
"10","user8","$2a$10$N.zmdr9k7uOCQb376NoUnuTJ8iAt6Z5EHsM8lE9lOBslKX4qC8pQm"
